<?xml version="1.0" encoding="UTF-8"?>
<project-private xmlns="http://www.netbeans.org/ns/project-private/1">
    <editor-bookmarks xmlns="http://www.netbeans.org/ns/editor-bookmarks/2" lastBookmarkId="0"/>
    <open-files xmlns="http://www.netbeans.org/ns/projectui-open-files/2">
        <group>
            <file>file:/C:/Users/sergi/OneDrive/Documentos/NetBeansProjects/SistemaPrestamo/src/sistemaprestamo/BaseD.java</file>
            <file>file:/C:/Users/sergi/OneDrive/Documentos/NetBeansProjects/SistemaPrestamo/src/sistemaprestamo/MenuPrestamoSolicitante.java</file>
            <file>file:/C:/Users/sergi/OneDrive/Documentos/NetBeansProjects/SistemaPrestamo/src/sistemaprestamo/MenuPrestamoAdministrador.java</file>
            <file>file:/C:/Users/sergi/OneDrive/Documentos/NetBeansProjects/SistemaPrestamo/src/sistemaprestamo/BaseDeDatos.java</file>
            <file>file:/C:/Users/sergi/OneDrive/Documentos/NetBeansProjects/SistemaPrestamo/src/sistemaprestamo/SistemaPrestamo.java</file>
            <file>file:/C:/Users/sergi/OneDrive/Documentos/NetBeansProjects/SistemaPrestamo/src/sistemaprestamo/Material.java</file>
            <file>file:/C:/Users/sergi/OneDrive/Documentos/NetBeansProjects/SistemaPrestamo/src/sistemaprestamo/ControlDePrestamo.java</file>
        </group>
    </open-files>
</project-private>
